"Date","Price","Open","High","Low","Vol.","Change %"
"12/03/2021","3,966.20","3,937.00","3,972.00","3,922.55","1.20K","0.74%"
"12/02/2021","3,937.00","3,966.56","3,968.26","3,925.10","1.31K","-0.75%"
"12/01/2021","3,966.56","3,995.00","3,995.34","3,937.20","1.57K","-0.71%"
"11/30/2021","3,995.00","4,032.03","4,037.03","3,989.80","1.52K","-0.99%"
"11/29/2021","4,035.00","4,007.00","4,039.51","3,996.00","1.09K","0.70%"
"11/26/2021","4,007.00","3,981.00","4,025.00","3,977.02","1.01K","0.65%"
"11/25/2021","3,981.00","3,974.50","3,981.00","3,969.61","0.58K","0.16%"
"11/24/2021","3,974.50","3,950.00","3,992.50","3,950.00","2.05K","0.62%"
"11/23/2021","3,950.00","3,925.75","3,957.00","3,921.83","2.01K","0.62%"
"11/22/2021","3,925.75","3,914.00","3,931.00","3,901.00","1.58K","0.30%"
"11/19/2021","3,914.00","3,932.52","3,947.02","3,913.35","1.13K","-0.53%"
"11/18/2021","3,935.00","3,924.78","3,962.80","3,920.00","1.13K","0.41%"
"11/17/2021","3,919.00","3,895.00","3,936.00","3,891.11","1.51K","0.62%"
"11/16/2021","3,895.00","3,884.80","3,912.00","3,883.83","1.47K","0.26%"
"11/15/2021","3,884.80","3,882.80","3,885.47","3,882.80","0.46K","0.05%"
"11/12/2021","3,882.80","3,879.00","3,900.00","3,873.13","3.02K","0.10%"
"11/11/2021","3,879.00","3,877.50","3,887.00","3,876.18","0.56K","0.04%"
"11/10/2021","3,877.50","3,866.99","3,884.00","3,862.00","1.34K","0.27%"
"11/09/2021","3,866.99","3,877.00","3,890.47","3,864.70","1.38K","-0.26%"
"11/08/2021","3,877.00","3,872.50","3,884.20","3,857.00","1.20K","0.12%"
"11/05/2021","3,872.50","3,872.00","3,898.90","3,863.70","1.42K","0.01%"
"11/04/2021","3,872.00","3,830.10","3,885.00","3,818.75","2.09K","1.09%"
"11/03/2021","3,830.10","3,799.00","3,852.95","3,791.90","2.26K","0.82%"
"11/02/2021","3,799.00","3,760.00","3,799.00","3,756.54","1.57K","1.04%"
"11/01/2021","3,760.00","3,760.00","3,767.33","3,756.54","0.54K","0.00%"
"10/29/2021","3,760.00","3,779.50","3,798.30","3,760.00","1.55K","-0.46%"
"10/28/2021","3,777.25","3,759.55","3,778.18","3,748.55","0.95K","0.46%"
"10/27/2021","3,760.00","3,771.50","3,771.50","3,751.60","1.13K","-0.23%"
"10/26/2021","3,768.73","3,766.78","3,778.78","3,765.78","1.17K","0.05%"
"10/25/2021","3,767.00","3,768.00","3,774.99","3,757.00","1.39K","-0.03%"
"10/22/2021","3,768.00","3,781.00","3,789.00","3,766.55","1.25K","-0.34%"
"10/21/2021","3,781.00","3,768.09","3,788.00","3,764.32","1.37K","0.34%"
"10/20/2021","3,768.09","3,766.80","3,776.50","3,760.00","1.92K","0.03%"
"10/19/2021","3,766.80","3,769.00","3,772.00","3,750.69","1.43K","-0.06%"
"10/18/2021","3,769.00","3,763.67","3,774.00","3,759.47","0.51K","0.14%"
"10/15/2021","3,763.67","3,769.50","3,785.30","3,755.55","1.40K","-0.15%"
"10/14/2021","3,769.50","3,740.00","3,774.45","3,733.23","1.79K","0.79%"
"10/13/2021","3,740.00","3,721.50","3,745.00","3,713.50","1.34K","0.50%"
"10/12/2021","3,721.50","3,753.00","3,767.35","3,714.06","2.08K","-0.84%"
"10/11/2021","3,753.00","3,767.35","3,767.35","3,753.00","0.62K","-0.38%"
"10/08/2021","3,767.35","3,774.50","3,775.87","3,757.98","1.31K","-0.19%"
"10/07/2021","3,774.50","3,788.00","3,788.00","3,761.84","1.67K","-0.36%"
"10/06/2021","3,788.00","3,783.50","3,804.60","3,777.10","1.22K","0.12%"
"10/05/2021","3,783.50","3,790.00","3,804.97","3,782.42","1.68K","-0.17%"
"10/04/2021","3,790.00","3,790.00","3,797.54","3,776.00","2.05K","0.00%"
"10/01/2021","3,790.00","3,807.80","3,807.80","3,767.00","3.97K","-0.47%"
"09/30/2021","3,807.80","3,836.00","3,839.00","3,803.00","1.32K","-0.74%"
"09/29/2021","3,836.00","3,834.00","3,845.22","3,823.40","1.58K","0.05%"
"09/28/2021","3,834.00","3,843.25","3,850.72","3,829.50","1.53K","-0.24%"
"09/27/2021","3,843.25","3,834.57","3,845.00","3,832.80","1.17K","0.23%"
"09/24/2021","3,834.57","3,834.00","3,860.00","3,833.47","2.02K","0.01%"
"09/23/2021","3,834.00","3,833.00","3,841.70","3,826.78","1.41K","0.03%"
"09/22/2021","3,833.00","3,837.25","3,842.47","3,822.50","1.54K","-0.11%"
"09/21/2021","3,837.25","3,844.00","3,849.70","3,835.00","1.21K","-0.18%"
"09/20/2021","3,844.00","3,827.50","3,862.00","3,821.85","1.46K","0.43%"
"09/17/2021","3,827.50","3,817.17","3,837.80","3,808.53","1.34K","0.27%"
"09/16/2021","3,817.17","3,815.00","3,827.85","3,802.71","1.20K","0.06%"
"09/15/2021","3,815.00","3,830.49","3,835.00","3,806.85","0.96K","-0.40%"
"09/14/2021","3,830.49","3,830.60","3,835.85","3,814.96","1.05K","0.00%"
"09/13/2021","3,830.60","3,835.00","3,841.50","3,821.69","0.98K","-0.11%"
"09/10/2021","3,835.00","3,843.70","3,844.70","3,823.56","1.21K","-0.23%"
"09/09/2021","3,843.70","3,816.55","3,843.70","3,811.35","0.91K","0.71%"
"09/08/2021","3,816.55","3,800.00","3,822.50","3,798.20","0.97K","0.44%"
"09/07/2021","3,800.00","3,800.00","3,820.45","3,792.40","1.20K","0.00%"
"09/06/2021","3,800.00","3,800.00","3,800.00","3,800.00","","0.00%"
"09/03/2021","3,800.00","3,795.00","3,808.00","3,773.00","1.19K","0.13%"
"09/02/2021","3,795.00","3,760.00","3,800.80","3,753.09","1.10K","0.93%"
"09/01/2021","3,760.00","3,769.15","3,771.15","3,738.90","1.39K","-0.24%"
"08/31/2021","3,769.15","3,815.12","3,815.12","3,759.87","1.37K","-1.25%"
"08/30/2021","3,816.75","3,829.01","3,829.01","3,797.00","1.07K","-0.32%"
"08/27/2021","3,829.01","3,869.85","3,869.85","3,821.45","0.98K","-1.00%"
"08/26/2021","3,867.75","3,865.50","3,880.00","3,861.09","1.26K","0.06%"
"08/25/2021","3,865.50","3,867.00","3,877.20","3,852.97","1.26K","-0.04%"
"08/24/2021","3,867.00","3,881.95","3,881.95","3,849.05","1.50K","-0.39%"
"08/23/2021","3,881.95","3,872.00","3,881.95","3,847.00","1.18K","0.26%"
"08/20/2021","3,872.00","3,868.40","3,887.00","3,861.29","1.36K","0.04%"
"08/19/2021","3,870.40","3,851.50","3,892.00","3,845.07","1.24K","0.49%"
"08/18/2021","3,851.50","3,880.00","3,886.65","3,849.45","1.20K","-0.73%"
"08/17/2021","3,880.00","3,842.20","3,885.00","3,842.20","0.88K","0.98%"
"08/16/2021","3,842.20","3,842.20","3,850.00","3,835.76","0.49K","0.00%"
"08/13/2021","3,842.20","3,859.00","3,859.00","3,813.50","0.99K","-0.44%"
"08/12/2021","3,859.00","3,942.20","3,947.85","3,848.01","1.28K","-2.11%"
"08/11/2021","3,942.20","3,968.00","3,972.61","3,942.00","3.90K","-0.65%"
"08/10/2021","3,968.00","3,997.35","4,007.50","3,958.00","1.24K","-0.73%"
"08/09/2021","3,997.35","3,967.10","3,999.00","3,955.27","0.95K","0.76%"
"08/06/2021","3,967.10","3,918.00","3,972.00","3,904.00","1.51K","1.25%"
"08/05/2021","3,918.00","3,903.00","3,920.00","3,895.00","1.52K","0.38%"
"08/04/2021","3,903.00","3,909.75","3,925.56","3,888.60","1.35K","-0.17%"
"08/03/2021","3,909.75","3,891.50","3,926.69","3,886.00","3.85K","0.47%"
"08/02/2021","3,891.50","3,878.00","3,896.56","3,835.70","4.42K","0.35%"
"07/30/2021","3,878.00","3,847.60","3,886.40","3,841.31","3.70K","0.79%"
"07/29/2021","3,847.60","3,871.50","3,875.00","3,827.15","4.06K","-0.67%"
"07/28/2021","3,873.50","3,934.00","3,938.90","3,873.00","3.24K","-1.49%"
"07/27/2021","3,932.00","3,913.50","3,939.70","3,897.00","1.09K","0.47%"
"07/26/2021","3,913.50","3,889.00","3,918.13","3,889.00","4.45K","0.63%"
"07/23/2021","3,889.00","3,870.20","3,890.00","3,858.00","3.17K","0.49%"
"07/22/2021","3,870.20","3,855.00","3,880.03","3,848.05","5.54K","0.39%"
"07/21/2021","3,855.00","3,835.50","3,872.20","3,835.50","4.36K","0.51%"
"07/20/2021","3,835.50","3,835.50","3,850.56","3,834.80","2.96K","0.00%"
"07/19/2021","3,835.50","3,817.60","3,859.21","3,817.60","2.97K","0.47%"
"07/16/2021","3,817.60","3,816.02","3,822.68","3,799.50","3.26K","0.04%"
"07/15/2021","3,816.02","3,794.02","3,820.05","3,794.02","4.97K","0.58%"
"07/14/2021","3,794.02","3,823.20","3,823.20","3,786.90","5.46K","-0.76%"
"07/13/2021","3,823.20","3,822.10","3,836.95","3,812.90","0.88K","0.03%"
"07/12/2021","3,822.10","3,831.00","3,842.00","3,815.00","4.44K","-0.23%"
"07/09/2021","3,831.00","3,841.00","3,844.90","3,812.05","0.81K","-0.26%"
"07/08/2021","3,841.00","3,832.00","3,864.50","3,832.00","4.42K","0.23%"
"07/07/2021","3,832.00","3,779.50","3,836.44","3,771.95","3.36K","1.39%"
"07/06/2021","3,779.50","3,743.00","3,800.00","3,738.77","1.06K","1.00%"
"07/05/2021","3,742.00","3,742.00","3,742.00","3,742.00","","0.00%"
"07/02/2021","3,742.00","3,779.00","3,799.00","3,742.00","0.50K","-0.95%"
"07/01/2021","3,778.00","3,749.00","3,792.00","3,724.80","4.17K","0.75%"
"06/30/2021","3,750.00","3,767.50","3,774.80","3,728.80","4.72K","-0.46%"
"06/29/2021","3,767.50","3,703.00","3,777.00","3,703.00","4.40K","1.74%"
"06/28/2021","3,703.00","3,745.15","3,753.63","3,702.80","6.15K","-1.13%"
"06/25/2021","3,745.15","3,766.25","3,775.00","3,724.70","3.53K","-0.56%"
"06/24/2021","3,766.25","3,784.05","3,784.05","3,753.50","4.47K","-0.47%"
"06/23/2021","3,784.05","3,782.10","3,789.99","3,749.35","1.16K","0.05%"
"06/22/2021","3,782.10","3,760.05","3,798.00","3,760.05","1.04K","0.59%"
"06/21/2021","3,760.05","3,769.00","3,769.00","3,740.00","0.87K","-0.24%"
"06/18/2021","3,769.00","3,729.00","3,770.00","3,722.38","4.53K","1.07%"
"06/17/2021","3,729.00","3,674.75","3,739.75","3,674.75","1.19K","1.50%"
"06/16/2021","3,674.00","3,698.00","3,702.95","3,674.00","3.43K","-0.65%"
"06/15/2021","3,698.00","3,654.50","3,705.95","3,654.50","0.67K","1.19%"
"06/14/2021","3,654.50","3,654.50","3,660.25","3,643.51","2.46K","0.00%"
"06/11/2021","3,654.50","3,606.00","3,657.50","3,592.15","3.91K","1.34%"
"06/10/2021","3,606.00","3,589.18","3,609.00","3,578.50","4.03K","0.48%"
"06/09/2021","3,588.93","3,594.35","3,599.07","3,572.75","4.49K","-0.16%"
"06/08/2021","3,594.60","3,607.50","3,612.87","3,584.51","4.76K","-0.36%"
"06/07/2021","3,607.50","3,607.50","3,615.36","3,600.37","2.81K","0.00%"
"06/04/2021","3,607.50","3,661.00","3,661.00","3,593.60","5.76K","-1.46%"
"06/03/2021","3,661.00","3,653.50","3,673.00","3,642.00","5.60K","0.21%"
"06/02/2021","3,653.50","3,666.30","3,666.30","3,624.95","4.60K","-0.35%"
"06/01/2021","3,666.30","3,708.00","3,708.00","3,662.30","4.80K","-1.12%"
"05/31/2021","3,708.00","3,708.00","3,708.00","3,702.76","0.42K","0.00%"
"05/28/2021","3,708.00","3,721.71","3,733.25","3,703.44","3.74K","-0.37%"
"05/27/2021","3,721.71","3,743.00","3,747.40","3,721.71","4.51K","-0.57%"
"05/26/2021","3,743.00","3,739.50","3,760.00","3,732.03","4.84K","0.09%"
"05/25/2021","3,739.50","3,734.50","3,747.01","3,721.11","4.27K","0.13%"
"05/24/2021","3,734.50","3,747.00","3,768.80","3,732.00","4.50K","-0.33%"
"05/21/2021","3,747.00","3,717.30","3,753.70","3,706.50","3.40K","0.76%"
"05/20/2021","3,718.80","3,687.20","3,750.25","3,679.83","5.25K","0.92%"
"05/19/2021","3,684.95","3,660.38","3,695.00","3,653.06","5.11K","0.77%"
"05/18/2021","3,656.71","3,688.03","3,689.20","3,647.38","5.62K","-0.78%"
"05/17/2021","3,685.51","3,685.51","3,689.88","3,679.11","3.11K","0.00%"
"05/14/2021","3,685.51","3,721.11","3,721.11","3,668.01","4.97K","-0.96%"
"05/13/2021","3,721.11","3,750.51","3,753.76","3,711.51","2.46K","-0.78%"
"05/12/2021","3,750.51","3,712.01","3,753.01","3,704.59","5.39K","1.04%"
"05/11/2021","3,712.01","3,706.80","3,728.80","3,684.01","4.39K","0.14%"
"05/10/2021","3,706.80","3,750.01","3,757.20","3,704.01","4.79K","-1.15%"
"05/07/2021","3,750.01","3,804.01","3,806.14","3,750.01","5.33K","-1.42%"
"05/06/2021","3,804.01","3,851.01","3,851.01","3,777.01","5.02K","-1.22%"
"05/05/2021","3,851.01","3,828.38","3,864.16","3,812.51","5.29K","0.56%"
"05/04/2021","3,829.50","3,804.95","3,846.00","3,797.35","5.26K","0.66%"
"05/03/2021","3,804.50","3,753.93","3,834.63","3,745.60","4.06K","1.36%"
"04/30/2021","3,753.30","3,715.11","3,759.05","3,707.68","4.42K","1.03%"
"04/29/2021","3,715.11","3,696.01","3,728.01","3,688.30","4.45K","0.52%"
"04/28/2021","3,696.01","3,717.88","3,723.45","3,691.22","5.21K","-0.60%"
"04/27/2021","3,718.25","3,695.38","3,738.48","3,679.52","4.68K","0.63%"
"04/26/2021","3,695.01","3,628.88","3,696.01","3,626.36","5.26K","1.83%"
"04/23/2021","3,628.50","3,635.35","3,651.50","3,624.00","4.65K","-0.19%"
"04/22/2021","3,635.35","3,614.00","3,643.60","3,597.00","5.26K","0.59%"
"04/21/2021","3,614.00","3,643.00","3,653.90","3,612.00","4.15K","-0.80%"
"04/20/2021","3,643.00","3,627.00","3,645.40","3,619.75","3.74K","0.44%"
"04/19/2021","3,627.00","3,603.38","3,630.80","3,593.39","3.80K","0.67%"
"04/16/2021","3,603.01","3,611.62","3,620.03","3,587.43","4.45K","-0.25%"
"04/15/2021","3,612.00","3,656.80","3,656.80","3,604.70","4.04K","-1.23%"
"04/14/2021","3,656.80","3,668.50","3,682.79","3,652.30","5.32K","-0.32%"
"04/13/2021","3,668.50","3,665.00","3,676.70","3,656.50","4.58K","0.10%"
"04/12/2021","3,665.00","3,659.50","3,666.50","3,637.55","4.24K","0.15%"
"04/09/2021","3,659.50","3,629.05","3,662.50","3,629.05","4.64K","0.84%"
"04/08/2021","3,629.05","3,654.59","3,654.59","3,625.57","4.85K","-0.70%"
"04/07/2021","3,654.59","3,636.75","3,662.50","3,616.45","5.57K","0.50%"
"04/06/2021","3,636.50","3,674.00","3,674.00","3,632.00","3.84K","-1.02%"
"04/05/2021","3,674.00","3,655.45","3,674.00","3,628.75","4.39K","0.34%"
"04/02/2021","3,661.70","3,661.70","3,661.70","3,657.91","0.31K","0.00%"
"04/01/2021","3,661.70","3,666.45","3,669.01","3,654.75","0.45K","0.00%"
"03/31/2021","3,661.70","3,730.00","3,730.75","3,660.75","0.94K","-1.83%"
"03/30/2021","3,730.00","3,718.99","3,755.00","3,710.56","1.07K","0.30%"
"03/29/2021","3,718.99","3,689.89","3,719.50","3,689.89","0.99K","0.79%"
"03/26/2021","3,689.89","3,668.00","3,691.20","3,640.00","4.88K","0.60%"
"03/25/2021","3,668.00","3,649.40","3,669.49","3,645.10","5.32K","0.51%"
"03/24/2021","3,649.40","3,619.50","3,650.50","3,609.24","5.29K","0.83%"
"03/23/2021","3,619.50","3,560.15","3,620.40","3,553.63","5.63K","1.69%"
"03/22/2021","3,559.40","3,558.90","3,570.00","3,552.29","0.92K","0.01%"
"03/19/2021","3,558.90","3,547.10","3,563.60","3,538.03","4.90K","0.33%"
"03/18/2021","3,547.10","3,571.25","3,595.00","3,538.55","5.88K","-0.67%"
"03/17/2021","3,571.00","3,559.50","3,583.51","3,557.73","4.80K","0.32%"
"03/16/2021","3,559.50","3,555.75","3,566.30","3,540.02","5.40K","0.01%"
"03/15/2021","3,559.00","3,578.50","3,594.25","3,557.00","4.52K","-0.48%"
"03/12/2021","3,576.00","3,556.00","3,589.88","3,543.98","5.53K","0.56%"
"03/11/2021","3,556.00","3,553.50","3,558.12","3,516.11","6.41K","0.09%"
"03/10/2021","3,552.75","3,592.50","3,594.75","3,543.76","5.65K","-1.11%"
"03/09/2021","3,592.50","3,604.70","3,611.61","3,587.20","5.53K","-0.34%"
"03/08/2021","3,604.70","3,635.15","3,661.60","3,600.25","5.56K","-0.84%"
"03/05/2021","3,635.15","3,644.90","3,671.31","3,614.50","6.27K","-0.27%"
"03/04/2021","3,644.90","3,681.09","3,682.34","3,621.50","5.94K","-0.98%"
"03/03/2021","3,681.09","3,656.25","3,681.99","3,648.94","6.15K","0.67%"
"03/02/2021","3,656.50","3,620.00","3,662.38","3,614.91","5.64K","1.02%"
"03/01/2021","3,619.50","3,646.00","3,647.32","3,602.00","5.68K","-0.75%"
"02/26/2021","3,647.00","3,610.45","3,651.95","3,603.90","5.12K","1.01%"
"02/25/2021","3,610.45","3,565.00","3,612.06","3,564.50","4.84K","1.27%"
"02/24/2021","3,565.00","3,594.50","3,594.50","3,562.00","5.18K","-0.82%"
"02/23/2021","3,594.50","3,593.50","3,599.24","3,582.53","4.89K","0.03%"
"02/22/2021","3,593.50","3,571.80","3,624.50","3,564.66","5.23K","0.61%"
"02/19/2021","3,571.80","3,547.33","3,579.00","3,532.50","6.31K","0.69%"
"02/18/2021","3,547.33","3,528.20","3,549.40","3,516.10","6.02K","0.54%"
"02/17/2021","3,528.20","3,522.50","3,566.85","3,515.96","4.81K","0.04%"
"02/16/2021","3,526.83","3,495.38","3,534.88","3,488.40","5.16K","0.87%"
"02/15/2021","3,496.50","3,502.00","3,507.88","3,487.40","3.57K","0.00%"
"02/12/2021","3,496.50","3,526.50","3,539.56","3,496.00","5.73K","-0.85%"
"02/11/2021","3,526.50","3,559.75","3,559.75","3,517.50","5.36K","-0.93%"
"02/10/2021","3,559.50","3,576.30","3,586.25","3,541.00","6.05K","-0.47%"
"02/09/2021","3,576.30","3,571.00","3,597.95","3,561.43","5.96K","0.15%"
"02/08/2021","3,571.00","3,555.50","3,575.50","3,538.52","4.89K","0.44%"
"02/05/2021","3,555.50","3,558.19","3,561.31","3,531.10","5.23K","-0.08%"
"02/04/2021","3,558.19","3,535.58","3,577.41","3,525.62","5.18K","0.64%"
"02/03/2021","3,535.70","3,529.20","3,545.01","3,510.01","4.86K","0.18%"
"02/02/2021","3,529.20","3,573.01","3,573.01","3,507.51","5.47K","-1.23%"
"02/01/2021","3,573.01","3,569.51","3,584.70","3,540.51","4.84K","0.11%"
"01/29/2021","3,569.01","3,560.01","3,580.01","3,538.41","4.48K","0.25%"
"01/28/2021","3,560.01","3,605.51","3,632.61","3,552.26","4.32K","-1.28%"
"01/27/2021","3,606.01","3,613.51","3,665.91","3,606.01","5.37K","-0.21%"
"01/26/2021","3,613.51","3,587.76","3,614.45","3,560.05","5.09K","0.71%"
"01/25/2021","3,588.01","3,527.70","3,616.66","3,527.70","5.09K","1.71%"
"01/22/2021","3,527.70","3,481.78","3,537.09","3,473.16","4.42K","1.32%"
"01/21/2021","3,481.78","3,467.01","3,492.61","3,450.01","4.74K","0.43%"
"01/20/2021","3,467.01","3,491.66","3,496.01","3,463.61","3.77K","-0.71%"
"01/19/2021","3,491.66","3,478.01","3,499.51","3,451.05","4.73K","0.39%"
"01/18/2021","3,478.01","3,462.11","3,484.05","3,462.11","0.67K","0.46%"
"01/15/2021","3,462.11","3,446.43","3,480.30","3,446.43","4.60K","0.45%"
"01/14/2021","3,446.43","3,476.82","3,484.53","3,446.43","4.48K","-0.88%"
"01/13/2021","3,476.94","3,477.00","3,498.04","3,463.08","4.81K","0.00%"
"01/12/2021","3,477.00","3,494.50","3,501.66","3,462.85","4.10K","-0.69%"
"01/11/2021","3,501.00","3,475.15","3,530.65","3,468.90","3.65K","0.93%"
"01/08/2021","3,468.90","3,489.49","3,500.51","3,464.70","5.33K","-0.60%"
"01/07/2021","3,489.99","3,415.30","3,496.70","3,409.88","7.74K","2.21%"
"01/06/2021","3,414.55","3,443.50","3,444.75","3,409.55","8.39K","-0.86%"
"01/05/2021","3,444.00","3,450.25","3,470.54","3,430.00","7.60K","-0.16%"
"01/04/2021","3,449.50","3,416.50","3,451.30","3,379.71","7.36K","0.80%"
"01/01/2021","3,422.00","3,422.00","3,422.00","3,422.00","","0.00%"
"12/31/2020","3,422.00","3,427.00","3,429.00","3,415.53","0.62K","0.00%"
"12/30/2020","3,422.00","3,474.50","3,475.81","3,414.00","0.96K","-1.51%"
"12/29/2020","3,474.50","3,498.75","3,503.75","3,471.10","1.13K","-0.73%"
"12/28/2020","3,500.00","3,516.50","3,518.00","3,481.50","1.08K","-0.43%"
"12/25/2020","3,515.00","3,515.00","3,515.00","3,515.00","","0.00%"
"12/24/2020","3,515.00","3,500.00","3,516.00","3,480.00","0.98K","0.43%"
"12/23/2020","3,500.00","3,465.00","3,502.45","3,455.00","1.24K","1.01%"
"12/22/2020","3,465.00","3,431.00","3,466.00","3,424.15","7.34K","0.99%"
"12/21/2020","3,431.00","3,419.50","3,474.80","3,419.50","1.06K","0.34%"
"12/18/2020","3,419.50","3,414.10","3,428.20","3,411.07","6.33K","0.16%"
"12/17/2020","3,414.10","3,420.36","3,422.36","3,399.55","5.91K","-0.19%"
"12/16/2020","3,420.61","3,419.70","3,424.42","3,405.01","6.65K","0.03%"
"12/15/2020","3,419.70","3,428.00","3,435.85","3,413.79","6.61K","-0.24%"
"12/14/2020","3,428.00","3,438.10","3,438.10","3,409.00","4.73K","-0.29%"
"12/11/2020","3,438.10","3,420.45","3,441.95","3,415.05","6.62K","0.52%"
"12/10/2020","3,420.45","3,476.50","3,483.25","3,418.50","8.58K","-1.61%"
"12/09/2020","3,476.50","3,491.00","3,496.48","3,454.00","6.81K","-0.40%"
"12/08/2020","3,490.50","3,490.00","3,501.03","3,477.00","4.00K","0.01%"
"12/07/2020","3,490.00","3,466.00","3,496.09","3,466.00","7.36K","0.69%"
"12/04/2020","3,466.00","3,468.50","3,478.00","3,451.00","8.08K","-0.07%"
"12/03/2020","3,468.50","3,522.02","3,525.03","3,468.50","8.84K","-1.52%"
"12/02/2020","3,522.02","3,548.50","3,564.38","3,521.70","9.55K","-0.75%"
"12/01/2020","3,548.50","3,596.25","3,597.50","3,540.60","7.73K","-1.33%"
"11/30/2020","3,596.25","3,606.90","3,613.24","3,580.39","9.02K","-0.30%"
"11/27/2020","3,606.90","3,617.70","3,628.50","3,604.20","5.82K","-0.30%"
"11/26/2020","3,617.70","3,617.70","3,628.63","3,608.03","8.59K","0.00%"
"11/25/2020","3,617.70","3,636.00","3,647.00","3,611.34","7.51K","-0.50%"
"11/24/2020","3,636.00","3,647.55","3,656.07","3,629.25","7.83K","-0.32%"
"11/23/2020","3,647.55","3,632.95","3,649.22","3,611.00","8.22K","0.40%"
"11/20/2020","3,632.95","3,649.95","3,665.45","3,628.50","7.82K","-0.47%"
"11/19/2020","3,649.95","3,643.50","3,659.13","3,637.90","8.07K","0.18%"
"11/18/2020","3,643.50","3,644.50","3,659.51","3,623.69","7.27K","-0.03%"
"11/17/2020","3,644.50","3,637.65","3,652.90","3,617.50","8.24K","0.00%"
"11/16/2020","3,644.40","3,649.65","3,651.94","3,636.20","4.45K","0.03%"
"11/13/2020","3,643.40","3,644.05","3,651.00","3,631.18","7.61K","-0.02%"
"11/12/2020","3,644.05","3,636.50","3,667.45","3,631.73","7.95K","0.14%"
"11/11/2020","3,639.00","3,632.75","3,646.69","3,624.90","0.73K","0.21%"
"11/10/2020","3,631.50","3,650.83","3,675.25","3,625.34","8.28K","-0.49%"
"11/09/2020","3,649.20","3,722.88","3,723.09","3,622.88","7.99K","-1.98%"
"11/06/2020","3,723.00","3,754.00","3,775.00","3,719.15","8.60K","-0.83%"
"11/05/2020","3,754.00","3,815.82","3,818.06","3,752.00","8.80K","-1.62%"
"11/04/2020","3,815.82","3,819.75","3,825.75","3,787.25","8.17K","-0.10%"
"11/03/2020","3,819.50","3,865.10","3,870.85","3,811.00","6.76K","-1.29%"
"11/02/2020","3,869.35","3,875.10","3,885.74","3,864.28","6.23K","-0.03%"
"10/30/2020","3,870.35","3,861.25","3,873.50","3,846.47","6.97K","0.24%"
"10/29/2020","3,861.25","3,830.00","3,866.00","3,829.34","3.69K","0.82%"
"10/28/2020","3,830.00","3,809.10","3,854.15","3,802.38","7.53K","0.54%"
"10/27/2020","3,809.60","3,814.85","3,820.15","3,797.88","6.35K","-0.14%"
"10/26/2020","3,814.85","3,789.50","3,818.77","3,781.93","5.16K","0.67%"
"10/23/2020","3,789.50","3,784.00","3,793.49","3,770.00","5.84K","0.15%"
"10/22/2020","3,784.00","3,766.50","3,795.90","3,754.50","6.38K","0.46%"
"10/21/2020","3,766.50","3,825.00","3,826.00","3,761.39","7.10K","-1.53%"
"10/20/2020","3,825.00","3,844.75","3,847.18","3,815.69","6.62K","-0.51%"
"10/19/2020","3,844.75","3,848.10","3,849.45","3,834.50","5.76K","-0.09%"
"10/16/2020","3,848.10","3,850.25","3,852.00","3,827.68","3.03K","-0.06%"
"10/15/2020","3,850.25","3,839.00","3,862.74","3,837.11","3.22K","0.29%"
"10/14/2020","3,839.00","3,862.00","3,862.00","3,835.00","1.21K","-0.60%"
"10/13/2020","3,862.00","3,825.50","3,864.00","3,825.50","3.34K","0.89%"
"10/12/2020","3,828.00","3,828.00","3,837.36","3,827.91","0.90K","0.00%"
"10/09/2020","3,828.00","3,842.25","3,843.04","3,817.45","4.07K","-0.30%"
"10/08/2020","3,839.50","3,844.20","3,848.80","3,830.53","3.62K","-0.12%"
"10/07/2020","3,844.20","3,833.00","3,850.00","3,808.63","4.31K","0.29%"
"10/06/2020","3,833.00","3,829.59","3,845.30","3,806.78","5.08K","0.09%"
"10/05/2020","3,829.59","3,871.50","3,877.99","3,827.26","4.92K","-1.10%"
"10/02/2020","3,872.00","3,845.50","3,905.60","3,845.50","5.42K","0.69%"
"10/01/2020","3,845.50","3,827.50","3,858.50","3,797.57","4.77K","0.48%"
"09/30/2020","3,827.00","3,886.95","3,906.75","3,826.75","4.77K","-1.54%"
"09/29/2020","3,886.95","3,873.00","3,896.85","3,858.92","5.21K","0.36%"
"09/28/2020","3,873.00","3,886.75","3,886.90","3,830.20","4.34K","-0.36%"
"09/25/2020","3,887.00","3,827.00","3,893.85","3,824.43","5.20K","1.57%"
"09/24/2020","3,827.00","3,862.18","3,908.32","3,826.50","6.79K","-0.84%"
"09/23/2020","3,859.53","3,831.43","3,878.88","3,825.12","6.65K","0.89%"
"09/22/2020","3,825.64","3,794.30","3,845.94","3,782.56","5.11K","1.03%"
"09/21/2020","3,786.82","3,735.47","3,807.09","3,731.66","4.35K","1.52%"
"09/18/2020","3,730.01","3,714.36","3,738.26","3,707.70","4.20K","0.40%"
"09/17/2020","3,715.01","3,686.84","3,728.34","3,686.20","4.83K","0.61%"
"09/16/2020","3,692.38","3,704.30","3,724.20","3,684.35","5.11K","0.02%"
"09/15/2020","3,691.50","3,692.78","3,704.03","3,668.61","4.61K","0.03%"
"09/14/2020","3,690.50","3,705.25","3,723.25","3,666.75","4.60K","-0.41%"
"09/11/2020","3,705.51","3,710.11","3,726.11","3,688.01","7.25K","-0.12%"
"09/10/2020","3,710.11","3,713.91","3,716.66","3,675.01","7.12K","-0.01%"
"09/09/2020","3,710.65","3,742.69","3,742.69","3,710.65","6.71K","-0.74%"
"09/08/2020","3,738.50","3,711.50","3,772.86","3,711.50","3.86K","0.63%"
"09/07/2020","3,715.00","3,718.38","3,719.12","3,715.00","0.01K","0.00%"
"09/04/2020","3,715.01","3,691.11","3,723.01","3,671.22","7.05K","0.65%"
"09/03/2020","3,691.00","3,659.22","3,697.80","3,621.52","8.23K","0.93%"
"09/02/2020","3,657.00","3,678.75","3,690.77","3,641.14","8.06K","-0.51%"
"09/01/2020","3,675.85","3,745.11","3,745.21","3,667.41","7.77K","-1.74%"
"08/31/2020","3,741.00","3,745.29","3,766.49","3,726.93","8.80K","-0.12%"
"08/28/2020","3,745.50","3,816.43","3,836.74","3,739.30","8.11K","-1.85%"
"08/27/2020","3,816.00","3,839.64","3,849.54","3,804.92","8.04K","-0.51%"
"08/26/2020","3,835.55","3,871.54","3,884.84","3,831.13","9.03K","-0.76%"
"08/25/2020","3,865.00","3,855.67","3,887.42","3,834.49","7.89K","0.26%"
"08/24/2020","3,855.00","3,834.81","3,857.81","3,808.06","9.09K","0.50%"
"08/21/2020","3,836.00","3,804.00","3,848.18","3,791.52","8.56K","0.84%"
"08/20/2020","3,804.00","3,755.84","3,804.00","3,755.84","6.94K","1.25%"
"08/19/2020","3,757.00","3,783.92","3,794.94","3,754.42","8.79K","-0.74%"
"08/18/2020","3,785.00","3,781.34","3,791.47","3,768.34","9.40K","-0.21%"
"08/17/2020","3,793.00","3,803.00","3,805.90","3,784.32","4.08K","0.00%"
"08/14/2020","3,793.00","3,772.00","3,796.88","3,765.10","7.60K","0.66%"
"08/13/2020","3,768.17","3,761.69","3,780.39","3,749.27","8.33K","0.32%"
"08/12/2020","3,756.00","3,741.24","3,761.89","3,733.76","8.92K","0.45%"
"08/11/2020","3,739.17","3,782.24","3,782.24","3,739.17","7.85K","-0.87%"
"08/10/2020","3,772.07","3,746.78","3,786.68","3,743.22","8.15K","0.78%"
"08/07/2020","3,743.00","3,743.94","3,768.19","3,742.19","5.62K","0.00%"
"08/06/2020","3,743.00","3,775.50","3,788.75","3,737.00","7.79K","-0.87%"
"08/05/2020","3,776.00","3,780.52","3,786.20","3,757.42","8.11K","-0.13%"
"08/04/2020","3,781.01","3,768.90","3,802.31","3,761.38","6.62K","0.40%"
"08/03/2020","3,765.83","3,737.48","3,777.10","3,729.02","6.46K","0.87%"
"07/31/2020","3,733.33","3,721.10","3,738.50","3,716.31","7.90K","0.29%"
"07/30/2020","3,722.50","3,705.40","3,751.90","3,698.21","8.22K","0.44%"
"07/29/2020","3,706.01","3,724.31","3,726.30","3,696.26","8.71K","-0.48%"
"07/28/2020","3,724.01","3,674.86","3,739.01","3,669.16","8.81K","1.36%"
"07/27/2020","3,674.17","3,698.37","3,698.52","3,673.67","8.43K","-0.54%"
"07/24/2020","3,694.00","3,668.70","3,703.47","3,660.69","7.20K","0.77%"
"07/23/2020","3,665.69","3,640.11","3,673.03","3,634.43","8.36K","0.79%"
"07/22/2020","3,637.00","3,622.28","3,639.72","3,615.84","7.88K","0.39%"
"07/21/2020","3,623.01","3,651.90","3,651.90","3,612.81","7.58K","-0.74%"
"07/20/2020","3,650.07","3,657.87","3,663.47","3,648.66","3.23K","-0.08%"
"07/17/2020","3,653.10","3,644.50","3,666.00","3,635.52","3.48K","0.34%"
"07/16/2020","3,640.72","3,626.79","3,648.01","3,620.55","2.30K","0.55%"
"07/15/2020","3,620.80","3,627.69","3,628.04","3,602.92","0.69K","-0.09%"
"07/14/2020","3,624.00","3,619.11","3,648.04","3,612.87","7.38K","0.18%"
"07/13/2020","3,617.48","3,613.39","3,626.59","3,609.39","7.25K","0.21%"
"07/10/2020","3,610.00","3,623.20","3,627.24","3,604.50","6.74K","-0.30%"
"07/09/2020","3,620.74","3,645.12","3,650.70","3,620.74","7.26K","-0.48%"
"07/08/2020","3,638.26","3,629.31","3,646.53","3,619.47","7.06K","0.34%"
"07/07/2020","3,626.01","3,632.34","3,649.26","3,622.45","7.55K","-0.30%"
"07/06/2020","3,637.01","3,645.31","3,645.31","3,611.87","6.93K","-0.36%"
"07/03/2020","3,650.05","3,648.74","3,658.56","3,638.10","8.66K","0.12%"
"07/02/2020","3,645.50","3,713.25","3,715.99","3,642.25","8.59K","-1.86%"
"07/01/2020","3,714.50","3,755.98","3,760.23","3,711.63","7.95K","-1.08%"
"06/30/2020","3,755.16","3,750.34","3,786.87","3,734.24","7.01K","0.07%"
"06/29/2020","3,752.66","3,753.99","3,764.69","3,746.24","6.95K","0.04%"
"06/26/2020","3,751.00","3,732.00","3,771.00","3,725.60","7.54K","0.52%"
"06/25/2020","3,731.50","3,726.88","3,741.57","3,723.48","8.09K","0.08%"
"06/24/2020","3,728.51","3,699.64","3,729.65","3,699.64","8.15K","0.77%"
"06/23/2020","3,700.00","3,727.65","3,727.70","3,693.23","7.90K","-0.74%"
"06/22/2020","3,727.50","3,744.75","3,748.99","3,722.75","4.72K","-0.55%"
"06/19/2020","3,748.00","3,751.20","3,754.95","3,708.90","0.70K","-0.20%"
"06/18/2020","3,755.37","3,757.48","3,788.37","3,751.33","9.87K","0.20%"
"06/17/2020","3,747.79","3,750.54","3,768.24","3,726.74","4.40K","0.02%"
"06/16/2020","3,747.00","3,775.46","3,775.46","3,718.96","8.10K","-0.86%"
"06/15/2020","3,779.43","3,780.92","3,792.42","3,776.31","6.63K","0.02%"
"06/12/2020","3,778.50","3,773.00","3,782.67","3,737.80","7.08K","0.23%"
"06/11/2020","3,769.89","3,676.82","3,777.86","3,670.64","9.00K","2.67%"
"06/10/2020","3,672.00","3,655.44","3,690.19","3,640.94","8.04K","0.49%"
"06/09/2020","3,654.16","3,610.96","3,668.54","3,606.36","7.66K","1.26%"
"06/08/2020","3,608.61","3,575.98","3,617.32","3,569.78","7.16K","0.99%"
"06/05/2020","3,573.20","3,590.25","3,591.75","3,544.25","8.00K","-0.25%"
"06/04/2020","3,582.00","3,605.20","3,624.87","3,582.00","7.92K","-0.69%"
"06/03/2020","3,607.00","3,633.94","3,635.49","3,560.00","8.04K","-0.75%"
"06/02/2020","3,634.15","3,722.56","3,726.66","3,620.66","8.15K","-2.23%"
"06/01/2020","3,716.89","3,732.76","3,737.26","3,706.76","5.06K","-0.35%"
"05/29/2020","3,730.00","3,700.00","3,738.20","3,694.49","6.09K","0.90%"
"05/28/2020","3,696.67","3,736.49","3,744.72","3,694.83","7.58K","-1.02%"
"05/27/2020","3,734.90","3,729.75","3,754.77","3,726.35","6.79K","0.15%"
"05/26/2020","3,729.27","3,772.95","3,781.24","3,709.64","6.71K","-1.30%"
"05/25/2020","3,778.46","3,773.53","3,780.40","3,768.03","0.18K","0.09%"
"05/22/2020","3,775.03","3,770.80","3,799.80","3,763.00","7.34K","0.19%"
"05/21/2020","3,767.88","3,818.91","3,821.37","3,762.83","7.65K","-1.20%"
"05/20/2020","3,813.55","3,840.24","3,840.24","3,796.54","7.98K","-0.59%"
"05/19/2020","3,836.00","3,853.00","3,857.50","3,809.60","7.44K","-0.43%"
"05/18/2020","3,852.50","3,910.50","3,914.00","3,827.60","8.15K","-1.50%"
"05/15/2020","3,911.28","3,944.50","3,946.50","3,911.28","8.07K","-0.73%"
"05/14/2020","3,940.06","3,916.38","3,962.89","3,910.23","7.37K","0.77%"
"05/13/2020","3,910.01","3,888.16","3,918.88","3,876.16","7.45K","0.75%"
"05/12/2020","3,881.01","3,899.53","3,902.03","3,871.99","4.53K","-0.34%"
"05/11/2020","3,894.41","3,895.68","3,922.54","3,889.69","7.93K","0.04%"
"05/08/2020","3,893.00","3,922.00","3,926.36","3,870.80","7.77K","-0.71%"
"05/07/2020","3,920.89","3,966.18","3,966.93","3,917.01","8.03K","-1.04%"
"05/06/2020","3,962.26","3,932.93","3,974.12","3,931.56","7.99K","0.82%"
"05/05/2020","3,929.99","3,985.42","3,990.91","3,913.91","7.50K","-1.39%"
"05/04/2020","3,985.31","3,960.11","4,015.40","3,960.11","8.47K","0.66%"
"05/01/2020","3,959.00","3,959.43","3,969.97","3,958.63","6.10K","-0.03%"
"04/30/2020","3,960.05","3,926.47","3,970.96","3,918.88","7.45K","0.98%"
"04/29/2020","3,921.50","4,037.50","4,038.50","3,913.50","8.56K","-2.82%"
"04/28/2020","4,035.26","4,062.80","4,066.60","4,027.60","7.23K","-0.54%"
"04/27/2020","4,057.36","4,046.28","4,068.76","4,027.21","7.38K","0.36%"
"04/24/2020","4,043.00","4,024.30","4,048.15","4,016.10","7.81K","0.58%"
"04/23/2020","4,019.76","4,034.65","4,040.31","4,004.64","7.77K","-0.26%"
"04/22/2020","4,030.21","4,049.30","4,060.77","4,017.30","7.39K","-0.38%"
"04/21/2020","4,045.42","3,977.18","4,062.27","3,977.13","8.78K","1.78%"
"04/20/2020","3,974.80","3,938.43","4,002.70","3,937.99","7.39K","0.98%"
"04/17/2020","3,936.25","3,977.80","4,007.49","3,936.25","6.35K","-0.98%"
"04/16/2020","3,975.40","3,918.63","3,988.14","3,898.78","6.39K","1.50%"
"04/15/2020","3,916.47","3,848.51","3,936.36","3,848.51","6.75K","1.70%"
"04/14/2020","3,851.00","3,867.88","3,877.38","3,841.68","6.03K","-0.45%"
"04/13/2020","3,868.35","3,835.45","3,886.97","3,833.77","0.46K","1.08%"
"04/10/2020","3,827.00","3,828.00","3,828.17","3,827.00","0.01K","-0.09%"
"04/09/2020","3,830.44","3,899.35","3,899.35","3,830.44","0.23K","-1.76%"
"04/08/2020","3,899.01","3,906.65","3,918.93","3,861.65","5.61K","-0.18%"
"04/07/2020","3,906.00","3,967.00","3,972.31","3,883.43","4.21K","-1.89%"
"04/06/2020","3,981.36","4,016.00","4,029.32","3,955.56","4.19K","-1.18%"
"04/03/2020","4,029.00","4,039.39","4,054.07","3,994.19","4.25K","-0.25%"
"04/02/2020","4,039.00","4,087.00","4,122.16","4,025.25","4.50K","-1.17%"
"04/01/2020","4,087.00","4,059.00","4,123.18","4,050.82","3.81K","0.67%"
"03/31/2020","4,060.00","4,049.82","4,066.49","4,018.13","4.59K","-0.07%"
"03/30/2020","4,063.00","4,012.00","4,089.59","4,012.00","3.80K","0.94%"
"03/27/2020","4,025.00","3,994.50","4,076.04","3,994.50","2.20K","1.11%"
"03/26/2020","3,981.00","4,064.50","4,069.48","3,961.01","4.11K","-2.09%"
"03/25/2020","4,066.00","4,111.88","4,121.46","4,062.77","3.63K","-1.12%"
"03/24/2020","4,111.88","4,179.00","4,185.15","4,093.54","2.18K","-1.63%"
"03/23/2020","4,180.00","4,119.00","4,204.90","4,111.26","0.67K","1.51%"
"03/20/2020","4,118.00","4,088.00","4,155.19","4,033.01","3.18K","0.70%"
"03/19/2020","4,089.22","4,158.25","4,220.38","4,083.05","2.99K","-1.65%"
"03/18/2020","4,158.00","3,998.75","4,165.70","3,998.75","4.00K","3.99%"
"03/17/2020","3,998.50","4,079.50","4,079.50","3,996.02","3.45K","-2.00%"
"03/16/2020","4,080.00","4,023.00","4,169.95","4,000.38","2.14K","1.22%"
"03/13/2020","4,031.00","4,034.88","4,034.88","3,900.00","0.59K","0.07%"
"03/12/2020","4,028.00","3,889.25","4,068.13","3,885.44","0.11K","3.51%"
"03/11/2020","3,891.50","3,766.06","3,905.20","3,766.06","2.62K","3.36%"
"03/10/2020","3,765.00","3,807.51","3,833.99","3,752.52","6.19K","-1.26%"
"03/09/2020","3,813.01","3,591.75","3,842.55","3,591.50","5.48K","6.23%"
"03/06/2020","3,589.25","3,542.00","3,600.90","3,542.00","8.20K","1.48%"
"03/05/2020","3,537.00","3,477.00","3,544.95","3,475.90","9.88K","1.75%"
"03/04/2020","3,476.00","3,458.00","3,484.60","3,425.00","9.64K","0.37%"
"03/03/2020","3,463.22","3,462.00","3,487.90","3,413.00","6.70K","0.04%"
"03/02/2020","3,462.00","3,525.00","3,548.40","3,458.80","8.09K","-1.84%"
"02/28/2020","3,527.00","3,502.50","3,550.53","3,502.50","6.93K","0.71%"
"02/27/2020","3,502.00","3,458.50","3,521.81","3,458.50","8.08K","1.27%"
"02/26/2020","3,458.00","3,437.50","3,464.59","3,430.60","7.75K","0.63%"
"02/25/2020","3,436.50","3,430.20","3,439.55","3,410.05","0.90K","0.18%"
"02/24/2020","3,430.20","3,380.00","3,442.00","3,380.00","1.26K","1.46%"
"02/21/2020","3,381.00","3,404.40","3,424.80","3,369.00","0.48K","-0.69%"
"02/20/2020","3,404.40","3,385.50","3,416.74","3,385.50","8.94K","0.56%"
"02/19/2020","3,385.50","3,404.40","3,411.50","3,385.50","8.27K","-0.54%"
"02/18/2020","3,403.90","3,397.72","3,420.14","3,391.00","9.34K","0.20%"
"02/17/2020","3,397.22","3,390.50","3,400.03","3,387.30","4.83K","0.17%"
"02/14/2020","3,391.50","3,377.05","3,393.90","3,366.50","7.48K","0.44%"
"02/13/2020","3,376.50","3,388.50","3,409.00","3,373.51","8.13K","-0.34%"
"02/12/2020","3,388.00","3,420.35","3,420.35","3,379.50","7.58K","-0.95%"
"02/11/2020","3,420.35","3,456.50","3,456.50","3,417.70","9.20K","-1.05%"
"02/10/2020","3,456.50","3,416.00","3,457.00","3,416.00","3.49K","1.19%"
"02/07/2020","3,416.00","3,380.45","3,420.00","3,380.45","9.23K","1.07%"
"02/06/2020","3,379.77","3,364.80","3,393.25","3,362.36","7.10K","0.44%"
"02/05/2020","3,364.80","3,362.10","3,370.50","3,339.00","8.60K","0.08%"
"02/04/2020","3,362.10","3,395.50","3,397.49","3,360.00","4.15K","-0.98%"
"02/03/2020","3,395.50","3,419.00","3,421.50","3,394.35","0.68K","-0.72%"
"01/31/2020","3,420.00","3,412.50","3,430.45","3,410.50","5.99K","0.28%"
"01/30/2020","3,410.50","3,387.30","3,419.00","3,387.30","5.66K","0.68%"
"01/29/2020","3,387.50","3,387.00","3,403.50","3,378.65","6.21K","-0.16%"
"01/28/2020","3,393.00","3,400.90","3,402.40","3,384.55","5.53K","-0.23%"
"01/27/2020","3,400.90","3,365.00","3,406.00","3,365.00","5.77K","1.07%"
"01/24/2020","3,365.00","3,361.32","3,380.77","3,349.00","6.02K","0.15%"
"01/23/2020","3,360.00","3,330.50","3,371.60","3,324.39","5.90K","0.86%"
"01/22/2020","3,331.50","3,356.10","3,356.22","3,326.70","5.70K","-0.73%"
"01/21/2020","3,356.10","3,332.50","3,357.89","3,332.50","4.84K","0.71%"
"01/20/2020","3,332.50","3,333.25","3,333.25","3,332.50","","0.00%"
"01/17/2020","3,332.50","3,325.75","3,334.00","3,307.69","6.23K","0.29%"
"01/16/2020","3,322.85","3,299.65","3,328.45","3,293.00","6.45K","0.78%"
"01/15/2020","3,297.00","3,287.10","3,308.00","3,282.50","6.60K","0.26%"
"01/14/2020","3,288.60","3,269.25","3,290.99","3,256.05","6.57K","0.55%"
"01/13/2020","3,270.75","3,272.20","3,301.30","3,268.25","6.03K","-0.04%"
"01/10/2020","3,272.20","3,256.90","3,291.50","3,251.00","6.25K","0.51%"
"01/09/2020","3,255.50","3,245.50","3,265.61","3,241.25","5.67K","0.26%"
"01/08/2020","3,247.00","3,277.25","3,280.50","3,241.00","5.96K","-0.48%"
"01/07/2020","3,262.50","3,245.71","3,266.15","3,245.71","0.24K","0.50%"
"01/06/2020","3,246.21","3,252.00","3,256.32","3,242.81","3.52K","-0.24%"
"01/03/2020","3,254.00","3,253.00","3,282.25","3,247.20","6.42K","0.00%"
"01/02/2020","3,254.00","3,290.23","3,291.73","3,251.25","5.55K","-1.01%"
"01/01/2020","3,287.23","3,287.23","3,287.23","3,287.23","","0.00%"